model_name,provider,original_provider,context_window,input_price_per_million_tokens,output_price_per_million_tokens,modality,release_date
jamba-large-1.7-2025-07,AI21,ai21,256000,null,null,null,null
jamba-mini-1.7-2025-07,AI21,ai21,256000,null,null,null,null
jamba-large-1.6-2025-03,AI21,ai21,256000,null,null,null,null
jamba-mini-1.6-2025-03,AI21,ai21,256000,null,null,null,null
embed-english-light-v3.0,Cohere,Cohere,512,null,null,text,null
embed-multilingual-v2.0,Cohere,Cohere,256,null,null,text,null
rerank-v3.5,Cohere,Cohere,4096,null,null,text,null
command-r-08-2024,Cohere,Cohere,132096,null,null,text,null
command-r-plus-08-2024,Cohere,Cohere,132096,null,null,text,null
embed-v4.0,Cohere,Cohere,8192,null,null,text,null
rerank-english-v3.0,Cohere,Cohere,4096,null,null,text,null
command-nightly,Cohere,Cohere,288000,null,null,text,null
command-a-03-2025,Cohere,Cohere,288000,null,null,text,null
embed-english-light-v3.0-image,Cohere,Cohere,null,null,null,text,null
command-r,Cohere,Cohere,132096,null,null,text,null
embed-english-v3.0-image,Cohere,Cohere,null,null,null,text,null
command-a-vision-07-2025,Cohere,Cohere,128000,null,null,vision,null
c4ai-aya-vision-32b,Cohere,Cohere,16384,null,null,vision,null
command-r7b-arabic-02-2025,Cohere,Cohere,128000,null,null,text,null
command-light-nightly,Cohere,Cohere,4096,null,null,text,null
embed-english-v3.0,Cohere,Cohere,512,null,null,text,null
command-r7b-12-2024,Cohere,Cohere,132000,null,null,text,null
embed-multilingual-light-v3.0-image,Cohere,Cohere,null,null,null,text,null
embed-multilingual-v3.0-image,Cohere,Cohere,null,null,null,text,null
c4ai-aya-expanse-32b,Cohere,Cohere,128000,null,null,text,null
models/embedding-gecko-001,Google AI,Google,1024,null,null,text,null
models/gemini-1.5-pro-latest,Google AI,Google,2000000,null,null,multimodal,null
models/gemini-1.5-pro-002,Google AI,Google,2000000,null,null,multimodal,2024-09-01
models/gemini-1.5-pro,Google AI,Google,2000000,null,null,multimodal,2024-05-01
models/gemini-1.5-flash-latest,Google AI,Google,1000000,null,null,multimodal,null
models/gemini-1.5-flash,Google AI,Google,1000000,null,null,multimodal,null
models/gemini-1.5-flash-002,Google AI,Google,1000000,null,null,multimodal,2024-09-01
models/gemini-1.5-flash-8b,Google AI,Google,1000000,null,null,text,2024-10-01
models/gemini-1.5-flash-8b-001,Google AI,Google,1000000,null,null,text,2024-10-01
models/gemini-1.5-flash-8b-latest,Google AI,Google,1000000,null,null,text,2024-10-01
models/gemini-2.5-pro-preview-03-25,Google AI,Google,1048576,null,null,text,null
models/gemini-2.5-flash-preview-05-20,Google AI,Google,1048576,null,null,text,2025-04-17
models/gemini-2.5-flash,Google AI,Google,1048576,null,null,multimodal,2025-06-01
models/gemini-2.5-flash-lite-preview-06-17,Google AI,Google,1048576,null,null,text,2025-06-11
models/gemini-2.5-pro-preview-05-06,Google AI,Google,1048576,null,null,text,2025-05-06
models/gemini-2.5-pro-preview-06-05,Google AI,Google,1048576,null,null,text,2025-06-05
models/gemini-2.5-pro,Google AI,Google,1048576,null,null,text,2025-06-17
models/gemini-2.0-flash-exp,Google AI,Google,1048576,null,null,text,null
models/gemini-2.0-flash,Google AI,Google,1048576,null,null,text,null
models/gemini-2.0-flash-001,Google AI,Google,1048576,null,null,multimodal,2025-01-01
models/gemini-2.0-flash-exp-image-generation,Google AI,Google,1048576,null,null,text,null
models/gemini-2.0-flash-lite-001,Google AI,Google,1048576,null,null,text,null
models/gemini-2.0-flash-lite,Google AI,Google,1048576,null,null,text,null
models/gemini-2.0-flash-preview-image-generation,Google AI,Google,32768,null,null,text,null
models/gemini-2.0-flash-lite-preview-02-05,Google AI,Google,1048576,null,null,text,2025-02-05
models/gemini-2.0-flash-lite-preview,Google AI,Google,1048576,null,null,text,2025-02-05
models/gemini-2.0-pro-exp,Google AI,Google,1048576,null,null,text,2025-03-25
models/gemini-2.0-pro-exp-02-05,Google AI,Google,1048576,null,null,text,2025-03-25
models/gemini-exp-1206,Google AI,Google,1048576,null,null,text,2025-03-25
models/gemini-2.0-flash-thinking-exp-01-21,Google AI,Google,1048576,null,null,text,2025-04-17
models/gemini-2.0-flash-thinking-exp,Google AI,Google,1048576,null,null,text,2025-04-17
models/gemini-2.0-flash-thinking-exp-1219,Google AI,Google,1048576,null,null,text,2025-04-17
models/gemini-2.5-flash-preview-tts,Google AI,Google,8192,null,null,text,null
models/gemini-2.5-pro-preview-tts,Google AI,Google,8192,null,null,text,null
models/learnlm-2.0-flash-experimental,Google AI,Google,1048576,null,null,text,null
models/gemma-3-1b-it,Google AI,Google,32768,null,null,text,null
models/gemma-3-4b-it,Google AI,Google,32768,null,null,text,null
models/gemma-3-12b-it,Google AI,Google,32768,null,null,text,null
models/gemma-3-27b-it,Google AI,Google,131072,null,null,text,null
models/gemma-3n-e4b-it,Google AI,Google,8192,null,null,text,null
models/gemma-3n-e2b-it,Google AI,Google,8192,null,null,text,null
models/gemini-2.5-flash-lite,Google AI,Google,1048576,null,null,text,2025-07-01
models/embedding-001,Google AI,Google,2048,null,null,text,null
models/text-embedding-004,Google AI,Google,2048,null,null,text,null
models/gemini-embedding-exp-03-07,Google AI,Google,8192,null,null,text,null
models/gemini-embedding-exp,Google AI,Google,8192,null,null,text,null
models/gemini-embedding-001,Google AI,Google,2048,null,null,text,null
models/aqa,Google AI,Google,7168,null,null,text,null
models/imagen-3.0-generate-002,Google AI,Google,480,null,null,text,null
models/imagen-4.0-generate-preview-06-06,Google AI,Google,480,null,null,text,null
compound-beta,Groq,Groq,131072,null,null,text,2025-04-24
meta-llama/llama-4-scout-17b-16e-instruct,Groq,Meta,131072,null,null,text,2025-05-27
llama-3.1-8b-instant,Groq,Meta,131072,null,null,text,2023-09-01
playai-tts,Groq,PlayAI,8192,null,null,audio,2025-04-22
whisper-large-v3,Groq,OpenAI,448,null,null,audio,2023-09-01
llama3-70b-8192,Groq,Meta,8192,null,null,text,2023-09-01
meta-llama/llama-guard-4-12b,Groq,Meta,131072,null,null,text,2025-07-02
compound-beta-mini,Groq,Groq,131072,null,null,text,2025-05-16
playai-tts-arabic,Groq,PlayAI,8192,null,null,audio,2025-04-22
llama-3.3-70b-versatile,Groq,Meta,131072,null,null,text,2024-12-05
meta-llama/llama-prompt-guard-2-22m,Groq,Meta,512,null,null,text,2025-07-22
qwen/qwen3-32b,Groq,Alibaba Cloud,131072,null,null,text,2025-07-19
whisper-large-v3-turbo,Groq,OpenAI,448,null,null,audio,2024-10-01
allam-2-7b,Groq,SDAIA,4096,null,null,text,2025-01-16
llama3-8b-8192,Groq,Meta,8192,null,null,text,2023-09-01
gemma2-9b-it,Groq,Google,8192,null,null,text,2023-09-01
deepseek-r1-distill-llama-70b,Groq,DeepSeek / Meta,131072,null,null,text,2025-01-19
distil-whisper-large-v3-en,Groq,Hugging Face,448,null,null,audio,2023-09-01
moonshotai/kimi-k2-instruct,Groq,Moonshot AI,131072,null,null,text,2025-08-20
meta-llama/llama-prompt-guard-2-86m,Groq,Meta,512,null,null,text,2025-07-22
meta-llama/llama-4-maverick-17b-128e-instruct,Groq,Meta,131072,null,null,text,2025-05-27
Falconsai/nsfw_image_detection,HuggingFace,Falconsai,null,null,null,text-generation,2023-10-13
sentence-transformers/all-MiniLM-L6-v2,HuggingFace,sentence-transformers,null,null,null,text-generation,2022-03-02
timm/mobilenetv3_small_100.lamb_in1k,HuggingFace,timm,null,null,null,text-generation,2022-12-16
dima806/fairface_age_image_detection,HuggingFace,dima806,null,null,null,text-generation,2024-12-06
google-bert/bert-base-uncased,HuggingFace,google-bert,null,null,null,text-generation,2022-03-02
amazon/chronos-t5-small,HuggingFace,amazon,null,null,null,text-generation,2024-02-21
pyannote/wespeaker-voxceleb-resnet34-LM,HuggingFace,pyannote,null,null,null,text-generation,2023-11-13
sentence-transformers/all-mpnet-base-v2,HuggingFace,sentence-transformers,null,null,null,text-generation,2022-03-02
openai/clip-vit-base-patch32,HuggingFace,openai,null,null,null,text-generation,2022-03-02
timm/resnet50.a1_in1k,HuggingFace,timm,null,null,null,text-generation,2023-04-05
Bingsu/adetailer,HuggingFace,Bingsu,null,null,null,text-generation,2023-04-26
pyannote/segmentation-3.0,HuggingFace,pyannote,null,null,null,text-generation,2023-09-22
pyannote/speaker-diarization-3.1,HuggingFace,pyannote,null,null,null,text-generation,2023-11-16
openai-community/gpt2,HuggingFace,openai-community,null,null,null,text-generation,2022-03-02
FacebookAI/roberta-large,HuggingFace,FacebookAI,null,null,null,text-generation,2022-03-02
sentence-transformers/paraphrase-multilingual-MiniLM-L12-v2,HuggingFace,sentence-transformers,null,null,null,text-generation,2022-03-02
google/electra-base-discriminator,HuggingFace,google,null,null,null,text-generation,2022-03-02
FacebookAI/xlm-roberta-base,HuggingFace,FacebookAI,null,null,null,text-generation,2022-03-02
Qwen/Qwen2.5-14B-Instruct,HuggingFace,Qwen,null,null,null,text-generation,2024-09-16
openai/clip-vit-large-patch14,HuggingFace,openai,null,null,null,text-generation,2022-03-02
distilbert/distilbert-base-uncased,HuggingFace,distilbert,null,null,null,text-generation,2022-03-02
colbert-ir/colbertv2.0,HuggingFace,colbert-ir,null,null,null,text-generation,2023-06-27
meta-llama/Llama-3.1-8B-Instruct,HuggingFace,meta-llama,null,null,null,text-generation,2024-07-18
FacebookAI/roberta-base,HuggingFace,FacebookAI,null,null,null,text-generation,2022-03-02
facebook/contriever,HuggingFace,facebook,null,null,null,text-generation,2022-03-02
Qwen/Qwen3-4B-Base,HuggingFace,Qwen,null,null,null,text-generation,2025-04-28
google-bert/bert-base-multilingual-cased,HuggingFace,google-bert,null,null,null,text-generation,2022-03-02
openai/clip-vit-large-patch14-336,HuggingFace,openai,null,null,null,text-generation,2022-04-22
Qwen/Qwen2.5-7B-Instruct,HuggingFace,Qwen,null,null,null,text-generation,2024-09-16
jonatasgrosman/wav2vec2-large-xlsr-53-portuguese,HuggingFace,jonatasgrosman,null,null,null,text-generation,2022-03-02
facebook/esm2_t30_150M_UR50D,HuggingFace,facebook,null,null,null,text-generation,2022-09-27
Qwen/Qwen2.5-VL-7B-Instruct,HuggingFace,Qwen,null,null,null,text-generation,2025-01-26
Intel/zoedepth-nyu-kitti,HuggingFace,Intel,null,null,null,text-generation,2024-04-30
BAAI/bge-large-en-v1.5,HuggingFace,BAAI,null,null,null,text-generation,2023-09-12
autogluon/chronos-bolt-base,HuggingFace,autogluon,null,null,null,text-generation,2024-11-13
facebook/opt-125m,HuggingFace,facebook,null,null,null,text-generation,2022-05-11
emilyalsentzer/Bio_ClinicalBERT,HuggingFace,emilyalsentzer,null,null,null,text-generation,2022-03-02
google/siglip2-so400m-patch16-naflex,HuggingFace,google,null,null,null,text-generation,2025-02-18
cross-encoder/ms-marco-MiniLM-L6-v2,HuggingFace,cross-encoder,null,null,null,text-generation,2022-03-02
dphn/dolphin-2.9.1-yi-1.5-34b,HuggingFace,dphn,null,null,null,text-generation,2024-05-18
timm/resnet18.a1_in1k,HuggingFace,timm,null,null,null,text-generation,2023-04-05
microsoft/deberta-v3-large,HuggingFace,microsoft,null,null,null,text-generation,2022-03-02
BAAI/bge-m3,HuggingFace,BAAI,null,null,null,text-generation,2024-01-27
jinaai/jina-embeddings-v3,HuggingFace,jinaai,null,null,null,text-generation,2024-09-05
omni-research/Tarsier2-Recap-7b,HuggingFace,omni-research,null,null,null,text-generation,2025-02-11
answerdotai/answerai-colbert-small-v1,HuggingFace,answerdotai,null,null,null,text-generation,2024-08-12
jonatasgrosman/wav2vec2-large-xlsr-53-russian,HuggingFace,jonatasgrosman,null,null,null,text-generation,2022-03-02
google/vit-base-patch16-224,HuggingFace,google,null,null,null,text-generation,2022-03-02
Qwen/Qwen2.5-VL-3B-Instruct,HuggingFace,Qwen,null,null,null,text-generation,2025-01-26
sentence-transformers/paraphrase-MiniLM-L6-v2,HuggingFace,sentence-transformers,null,null,null,text-generation,2022-03-02
mistral-medium-2505,Mistral,mistralai,131072,null,null,vision,2025-08-01
ministral-3b-2410,Mistral,mistralai,131072,null,null,text,2025-08-01
ministral-8b-2410,Mistral,mistralai,131072,null,null,text,2025-08-01
open-mistral-7b,Mistral,mistralai,32768,null,null,text,2025-08-01
open-mistral-nemo,Mistral,mistralai,131072,null,null,text,2025-08-01
open-mixtral-8x7b,Mistral,mistralai,32768,null,null,text,2025-08-01
open-mixtral-8x22b,Mistral,mistralai,65536,null,null,text,2025-08-01
mistral-small-2409,Mistral,mistralai,32768,null,null,text,2025-08-01
mistral-large-2407,Mistral,mistralai,131072,null,null,text,2025-08-01
mistral-large-2411,Mistral,mistralai,131072,null,null,text,2025-08-01
pixtral-large-2411,Mistral,mistralai,131072,null,null,vision,2025-08-01
codestral-2501,Mistral,mistralai,262144,null,null,text,2025-08-01
codestral-2508,Mistral,mistralai,256000,null,null,text,2025-08-01
devstral-small-2505,Mistral,mistralai,131072,null,null,text,2025-08-01
devstral-small-2507,Mistral,mistralai,131072,null,null,text,2025-08-01
devstral-medium-2507,Mistral,mistralai,131072,null,null,text,2025-08-01
pixtral-12b-2409,Mistral,mistralai,131072,null,null,vision,2025-08-01
mistral-small-2501,Mistral,mistralai,32768,null,null,text,2025-08-01
mistral-small-2503,Mistral,mistralai,131072,null,null,vision,2025-08-01
mistral-small-2506,Mistral,mistralai,131072,null,null,vision,2025-08-01
mistral-saba-2502,Mistral,mistralai,32768,null,null,text,2025-08-01
magistral-medium-2506,Mistral,mistralai,40960,null,null,text,2025-08-01
magistral-medium-2507,Mistral,mistralai,40960,null,null,text,2025-08-01
magistral-small-2506,Mistral,mistralai,40000,null,null,text,2025-08-01
magistral-small-2507,Mistral,mistralai,40960,null,null,text,2025-08-01
voxtral-mini-2507,Mistral,mistralai,32768,null,null,text,2025-08-01
voxtral-small-2507,Mistral,mistralai,32768,null,null,text,2025-08-01
mistral-embed,Mistral,mistralai,32768,null,null,text,2025-08-01
codestral-embed,Mistral,mistralai,32768,null,null,text,2025-08-01
openrouter/horizon-alpha,OpenRouter,OpenRouter,256000,0.0,0.0,text+image->text,2025-08-28
qwen/qwen3-30b-a3b-instruct-2507,OpenRouter,Qwen,131072,0.2,0.8,text->text,2025-08-27
z-ai/glm-4.5,OpenRouter,Z.AI,131072,0.2,0.2,text->text,2025-08-23
z-ai/glm-4.5-air:free,OpenRouter,Z.AI,131072,0.0,0.0,text->text,2025-08-23
z-ai/glm-4.5-air,OpenRouter,Z.AI,128000,0.2,1.1,text->text,2025-08-23
qwen/qwen3-235b-a22b-thinking-2507,OpenRouter,Qwen,262144,0.1179,0.1179,text->text,2025-08-23
z-ai/glm-4-32b,OpenRouter,Z.AI,128000,0.1,0.1,text->text,2025-08-22
qwen/qwen3-coder:free,OpenRouter,Qwen,262144,0.0,0.0,text->text,2025-08-21
qwen/qwen3-coder,OpenRouter,Qwen,262144,0.3,1.2,text->text,2025-08-21
bytedance/ui-tars-1.5-7b,OpenRouter,Bytedance,128000,0.1,0.2,text+image->text,2025-08-21
google/gemini-2.5-flash-lite,OpenRouter,Google,1048576,0.1,0.4,text+image->text,2025-08-21
qwen/qwen3-235b-a22b-2507,OpenRouter,Qwen,262144,0.1179,0.1179,text->text,2025-08-20
switchpoint/router,OpenRouter,Switchpoint,131072,0.85,3.4,text->text,2025-08-19
moonshotai/kimi-k2:free,OpenRouter,MoonshotAI,32768,0.0,0.0,text->text,2025-08-19
moonshotai/kimi-k2,OpenRouter,MoonshotAI,32768,0.0878,0.0878,text->text,2025-08-19
thudm/glm-4.1v-9b-thinking,OpenRouter,THUDM,65536,0.035,0.138,text+image->text,2025-08-19
mistralai/devstral-medium,OpenRouter,Mistral,131072,0.4,2.0,text->text,2025-08-18
mistralai/devstral-small,OpenRouter,Mistral,128000,0.07,0.28,text->text,2025-08-18
cognitivecomputations/dolphin-mistral-24b-venice-edition:free,OpenRouter,Venice,32768,0.0,0.0,text->text,2025-08-17
x-ai/grok-4,OpenRouter,xAI,256000,3.0,15.0,text+image->text,2025-08-17
google/gemma-3n-e2b-it:free,OpenRouter,Google,8192,0.0,0.0,text->text,2025-08-17
tencent/hunyuan-a13b-instruct:free,OpenRouter,Tencent,32768,0.0,0.0,text->text,2025-08-16
tencent/hunyuan-a13b-instruct,OpenRouter,Tencent,32768,0.03,0.03,text->text,2025-08-16
tngtech/deepseek-r1t2-chimera:free,OpenRouter,TNG,163840,0.0,0.0,text->text,2025-08-16
tngtech/deepseek-r1t2-chimera,OpenRouter,TNG,163840,0.302,0.302,text->text,2025-08-16
morph/morph-v3-large,OpenRouter,Morph,32000,1.2,2.7,text->text,2025-08-15
morph/morph-v3-fast,OpenRouter,Morph,32000,1.2,2.7,text->text,2025-08-15
baidu/ernie-4.5-300b-a47b,OpenRouter,Baidu,123000,0.28,1.1,text->text,2025-08-08
thedrummer/anubis-70b-v1.1,OpenRouter,TheDrummer,16384,0.4,0.7,text->text,2025-08-07
inception/mercury,OpenRouter,Inception,32000,0.25,1.0,text->text,2025-08-05
morph/morph-v2,OpenRouter,Morph,32000,1.2,2.7,text->text,2025-08-04
mistralai/mistral-small-3.2-24b-instruct:free,OpenRouter,Mistral,96000,0.0,0.0,text+image->text,2025-07-31
mistralai/mistral-small-3.2-24b-instruct,OpenRouter,Mistral,128000,0.05,0.1,text+image->text,2025-07-31
minimax/minimax-m1,OpenRouter,MiniMax,1000000,0.3,1.65,text->text,2025-07-28
google/gemini-2.5-flash-lite-preview-06-17,OpenRouter,Google,1048576,0.1,0.4,text+image->text,2025-07-28
google/gemini-2.5-flash,OpenRouter,Google,1048576,0.3,2.5,text+image->text,2025-07-28
google/gemini-2.5-pro,OpenRouter,Google,1048576,1.25,10.0,text+image->text,2025-07-28
moonshotai/kimi-dev-72b:free,OpenRouter,Kimi Dev 72b,131072,0.0,0.0,text->text,2025-07-27
openai/o3-pro,OpenRouter,OpenAI,200000,20.0,80.0,text+image->text,2025-07-22
x-ai/grok-3-mini,OpenRouter,xAI,131072,0.3,0.5,text->text,2025-07-22
x-ai/grok-3,OpenRouter,xAI,131072,3.0,15.0,text->text,2025-07-22
mistralai/magistral-small-2506,OpenRouter,Mistral,40000,0.5,1.5,text->text,2025-07-21
mistralai/magistral-medium-2506,OpenRouter,Mistral,40960,2.0,5.0,text->text,2025-07-19
mistralai/magistral-medium-2506:thinking,OpenRouter,Mistral,40960,2.0,5.0,text->text,2025-07-19
google/gemini-2.5-pro-preview,OpenRouter,Google,1048576,1.25,10.0,text+image->text,2025-07-17
deepseek/deepseek-r1-distill-qwen-7b,OpenRouter,DeepSeek,131072,0.1,0.2,text->text,2025-07-13
deepseek/deepseek-r1-0528-qwen3-8b:free,OpenRouter,DeepSeek,131072,0.0,0.0,text->text,2025-07-12
deepseek/deepseek-r1-0528-qwen3-8b,OpenRouter,DeepSeek,32000,0.01,0.02,text->text,2025-07-12
deepseek/deepseek-r1-0528:free,OpenRouter,DeepSeek,163840,0.0,0.0,text->text,2025-07-11
deepseek/deepseek-r1-0528,OpenRouter,DeepSeek,163840,0.272,0.272,text->text,2025-07-11
sarvamai/sarvam-m:free,OpenRouter,Sarvam AI,32768,0.0,0.0,text->text,2025-07-08
sarvamai/sarvam-m,OpenRouter,Sarvam AI,32768,0.022,0.022,text->text,2025-07-08
thedrummer/valkyrie-49b-v1,OpenRouter,TheDrummer,131072,0.65,1.0,text->text,2025-07-06
anthropic/claude-opus-4,OpenRouter,Anthropic,200000,15.0,75.0,text+image->text,2025-07-05
anthropic/claude-sonnet-4,OpenRouter,Anthropic,200000,3.0,15.0,text+image->text,2025-07-05
mistralai/devstral-small-2505:free,OpenRouter,Mistral,32768,0.0,0.0,text->text,2025-07-04
mistralai/devstral-small-2505,OpenRouter,Mistral,32768,0.03,0.03,text->text,2025-07-04
google/gemma-3n-e4b-it:free,OpenRouter,Google,8192,0.0,0.0,text->text,2025-07-03
google/gemma-3n-e4b-it,OpenRouter,Google,32768,0.02,0.04,text->text,2025-07-03
openai/codex-mini,OpenRouter,OpenAI,200000,1.5,6.0,text+image->text,2025-06-29
nousresearch/deephermes-3-mistral-24b-preview,OpenRouter,Nous,32768,0.141,0.141,text->text,2025-06-23
mistralai/mistral-medium-3,OpenRouter,Mistral,131072,0.4,2.0,text+image->text,2025-06-21
google/gemini-2.5-pro-preview-05-06,OpenRouter,Google,1048576,1.25,10.0,text+image->text,2025-06-20
arcee-ai/spotlight,OpenRouter,Arcee AI,131072,0.18,0.18,text+image->text,2025-06-19
arcee-ai/maestro-reasoning,OpenRouter,Arcee AI,131072,0.9,3.3,text->text,2025-06-19
arcee-ai/virtuoso-large,OpenRouter,Arcee AI,131072,0.75,1.2,text->text,2025-06-19
arcee-ai/coder-large,OpenRouter,Arcee AI,32768,0.5,0.8,text->text,2025-06-19
microsoft/phi-4-reasoning-plus,OpenRouter,Microsoft,32768,0.07,0.35,text->text,2025-06-15
inception/mercury-coder,OpenRouter,Inception,32000,0.25,1.0,text->text,2025-06-14
qwen/qwen3-4b:free,OpenRouter,Qwen,40960,0.0,0.0,text->text,2025-06-14
opengvlab/internvl3-14b,OpenRouter,OpenGVLab,12288,0.2,0.4,text+image->text,2025-06-14
deepseek/deepseek-prover-v2,OpenRouter,DeepSeek,163840,0.5,2.18,text->text,2025-06-14
meta-llama/llama-guard-4-12b,OpenRouter,Meta,163840,0.05,0.05,text+image->text,2025-06-13
qwen/qwen3-30b-a3b:free,OpenRouter,Qwen,40960,0.0,0.0,text->text,2025-06-12
qwen/qwen3-30b-a3b,OpenRouter,Qwen,40960,0.08,0.29,text->text,2025-06-12
qwen/qwen3-8b:free,OpenRouter,Qwen,40960,0.0,0.0,text->text,2025-06-12
qwen/qwen3-8b,OpenRouter,Qwen,128000,0.035,0.138,text->text,2025-06-12
qwen/qwen3-14b:free,OpenRouter,Qwen,40960,0.0,0.0,text->text,2025-06-12
qwen/qwen3-14b,OpenRouter,Qwen,40960,0.06,0.24,text->text,2025-06-12
qwen/qwen3-32b,OpenRouter,Qwen,40960,0.027,0.027,text->text,2025-06-12
qwen/qwen3-235b-a22b:free,OpenRouter,Qwen,131072,0.0,0.0,text->text,2025-06-12
qwen/qwen3-235b-a22b,OpenRouter,Qwen,40960,0.13,0.6,text->text,2025-06-12
tngtech/deepseek-r1t-chimera:free,OpenRouter,TNG,163840,0.0,0.0,text->text,2025-06-11
microsoft/mai-ds-r1:free,OpenRouter,Microsoft,163840,0.0,0.0,text->text,2025-06-05
microsoft/mai-ds-r1,OpenRouter,Microsoft,163840,0.302,0.302,text->text,2025-06-05
thudm/glm-z1-32b:free,OpenRouter,THUDM,32768,0.0,0.0,text->text,2025-06-02
thudm/glm-z1-32b,OpenRouter,THUDM,32768,0.03,0.03,text->text,2025-06-02
thudm/glm-4-32b:free,OpenRouter,THUDM,32768,0.0,0.0,text->text,2025-06-02
thudm/glm-4-32b,OpenRouter,THUDM,32000,0.24,0.24,text->text,2025-06-02
openai/o4-mini-high,OpenRouter,OpenAI,200000,1.1,4.4,text+image->text,2025-06-01
openai/o3,OpenRouter,OpenAI,200000,2.0,8.0,text+image->text,2025-06-01
openai/o4-mini,OpenRouter,OpenAI,200000,1.1,4.4,text+image->text,2025-06-01
shisa-ai/shisa-v2-llama3.3-70b:free,OpenRouter,Shisa AI,32768,0.0,0.0,text->text,2025-05-31
shisa-ai/shisa-v2-llama3.3-70b,OpenRouter,Shisa AI,32768,0.03,0.03,text->text,2025-05-31
openai/gpt-4.1,OpenRouter,OpenAI,1047576,2.0,8.0,text+image->text,2025-05-30
openai/gpt-4.1-mini,OpenRouter,OpenAI,1047576,0.4,1.6,text+image->text,2025-05-30
openai/gpt-4.1-nano,OpenRouter,OpenAI,1047576,0.1,0.4,text+image->text,2025-05-30
eleutherai/llemma_7b,OpenRouter,EleutherAI,4096,0.8,1.2,text->text,2025-05-30
alfredpros/codellama-7b-instruct-solidity,OpenRouter,AlfredPros,4096,0.8,1.2,text->text,2025-05-30
arliai/qwq-32b-arliai-rpr-v1:free,OpenRouter,ArliAI,32768,0.0,0.0,text->text,2025-05-29
arliai/qwq-32b-arliai-rpr-v1,OpenRouter,ArliAI,32768,0.015,0.015,text->text,2025-05-29
agentica-org/deepcoder-14b-preview:free,OpenRouter,Agentica,96000,0.0,0.0,text->text,2025-05-29
agentica-org/deepcoder-14b-preview,OpenRouter,Agentica,96000,0.015,0.015,text->text,2025-05-29
moonshotai/kimi-vl-a3b-thinking:free,OpenRouter,Moonshot AI,131072,0.0,0.0,text+image->text,2025-05-27
moonshotai/kimi-vl-a3b-thinking,OpenRouter,Moonshot AI,131072,0.038,0.038,text+image->text,2025-05-27
x-ai/grok-3-mini-beta,OpenRouter,xAI,131072,0.3,0.5,text->text,2025-05-26
x-ai/grok-3-beta,OpenRouter,xAI,131072,3.0,15.0,text->text,2025-05-26
nvidia/llama-3.3-nemotron-super-49b-v1,OpenRouter,NVIDIA,131072,0.13,0.4,text->text,2025-05-25
nvidia/llama-3.1-nemotron-ultra-253b-v1:free,OpenRouter,NVIDIA,131072,0.0,0.0,text->text,2025-05-25
nvidia/llama-3.1-nemotron-ultra-253b-v1,OpenRouter,NVIDIA,131072,0.6,1.8,text->text,2025-05-25
meta-llama/llama-4-maverick,OpenRouter,Meta,1048576,0.15,0.6,text+image->text,2025-05-22
meta-llama/llama-4-scout,OpenRouter,Meta,1048576,0.08,0.3,text+image->text,2025-05-22
deepseek/deepseek-v3-base,OpenRouter,DeepSeek,163840,0.302,0.302,text->text,2025-05-15
scb10x/llama3.1-typhoon2-70b-instruct,OpenRouter,Typhoon2 70B Instruct,8192,0.88,0.88,text->text,2025-05-14
google/gemini-2.5-pro-exp-03-25,OpenRouter,Google,1048576,null,null,text+image->text,2025-05-05
qwen/qwen2.5-vl-32b-instruct:free,OpenRouter,Qwen,8192,0.0,0.0,text+image->text,2025-05-04
qwen/qwen2.5-vl-32b-instruct,OpenRouter,Qwen,128000,0.2,0.6,text+image->text,2025-05-04
deepseek/deepseek-chat-v3-0324:free,OpenRouter,DeepSeek,32768,0.0,0.0,text->text,2025-05-04
deepseek/deepseek-chat-v3-0324,OpenRouter,DeepSeek,163840,0.25,0.85,text->text,2025-05-04
featherless/qwerky-72b:free,OpenRouter,featherless,32768,0.0,0.0,text->text,2025-04-30
openai/o1-pro,OpenRouter,OpenAI,200000,150.0,600.0,text+image->text,2025-04-30
mistralai/mistral-small-3.1-24b-instruct:free,OpenRouter,Mistral,128000,0.0,0.0,text+image->text,2025-04-28
mistralai/mistral-small-3.1-24b-instruct,OpenRouter,Mistral,96000,0.027,0.027,text+image->text,2025-04-28
google/gemma-3-4b-it:free,OpenRouter,Google,32768,0.0,0.0,text+image->text,2025-04-25
google/gemma-3-4b-it,OpenRouter,Google,131072,0.02,0.04,text+image->text,2025-04-25
ai21/jamba-1.6-large,OpenRouter,AI21,256000,2.0,8.0,text->text,2025-04-25
ai21/jamba-1.6-mini,OpenRouter,AI21,256000,0.2,0.4,text->text,2025-04-25
google/gemma-3-12b-it:free,OpenRouter,Google,96000,0.0,0.0,text+image->text,2025-04-25
google/gemma-3-12b-it,OpenRouter,Google,96000,0.03,0.03,text->text,2025-04-25
cohere/command-a,OpenRouter,Cohere,32768,2.0,8.0,text->text,2025-04-25
openai/gpt-4o-mini-search-preview,OpenRouter,OpenAI,128000,0.15,0.6,text->text,2025-04-24
openai/gpt-4o-search-preview,OpenRouter,OpenAI,128000,2.5,10.0,text->text,2025-04-24
rekaai/reka-flash-3:free,OpenRouter,Reka,32768,0.0,0.0,text->text,2025-04-24
rekaai/reka-flash-3,OpenRouter,Reka,32768,0.013,0.013,text->text,2025-04-24
google/gemma-3-27b-it:free,OpenRouter,Google,96000,0.0,0.0,text+image->text,2025-04-23
google/gemma-3-27b-it,OpenRouter,Google,131072,0.09,0.17,text+image->text,2025-04-23
thedrummer/anubis-pro-105b-v1,OpenRouter,TheDrummer,131072,0.5,1.0,text->text,2025-04-22
thedrummer/skyfall-36b-v2,OpenRouter,TheDrummer,32768,0.0728,0.0728,text->text,2025-04-22
microsoft/phi-4-multimodal-instruct,OpenRouter,Microsoft,131072,0.05,0.1,text+image->text,2025-04-19
perplexity/sonar-reasoning-pro,OpenRouter,Perplexity,128000,2.0,8.0,text+image->text,2025-04-18
perplexity/sonar-pro,OpenRouter,Perplexity,200000,3.0,15.0,text+image->text,2025-04-18
perplexity/sonar-deep-research,OpenRouter,Perplexity,128000,2.0,8.0,text->text,2025-04-18
qwen/qwq-32b:free,OpenRouter,Qwen,32768,0.0,0.0,text->text,2025-04-17
qwen/qwq-32b,OpenRouter,Qwen,131072,0.075,0.15,text->text,2025-04-17
nousresearch/deephermes-3-llama-3-8b-preview:free,OpenRouter,Nous,131072,0.0,0.0,text->text,2025-04-11
google/gemini-2.0-flash-lite-001,OpenRouter,Google,1048576,0.075,0.3,text+image->text,2025-04-09
anthropic/claude-3.7-sonnet,OpenRouter,Anthropic,200000,3.0,15.0,text+image->text,2025-04-08
anthropic/claude-3.7-sonnet:thinking,OpenRouter,Anthropic,200000,3.0,15.0,text+image->text,2025-04-08
anthropic/claude-3.7-sonnet:beta,OpenRouter,Anthropic,200000,3.0,15.0,text+image->text,2025-04-08
perplexity/r1-1776,OpenRouter,Perplexity,128000,2.0,8.0,text->text,2025-04-03
mistralai/mistral-saba,OpenRouter,Mistral,32768,0.2,0.6,text->text,2025-04-01
cognitivecomputations/dolphin3.0-r1-mistral-24b:free,OpenRouter,Dolphin3.0 R1 Mistral 24B,32768,0.0,0.0,text->text,2025-03-27
cognitivecomputations/dolphin3.0-r1-mistral-24b,OpenRouter,Dolphin3.0 R1 Mistral 24B,32768,0.013,0.013,text->text,2025-03-27
cognitivecomputations/dolphin3.0-mistral-24b:free,OpenRouter,Dolphin3.0 Mistral 24B,32768,0.0,0.0,text->text,2025-03-27
meta-llama/llama-guard-3-8b,OpenRouter,Llama Guard 3 8B,131072,0.02,0.06,text->text,2025-03-27
openai/o3-mini-high,OpenRouter,OpenAI,200000,1.1,4.4,text->text,2025-03-27
deepseek/deepseek-r1-distill-llama-8b,OpenRouter,DeepSeek,32000,0.04,0.04,text->text,2025-03-22
google/gemini-2.0-flash-001,OpenRouter,Google,1048576,0.1,0.4,text+image->text,2025-03-21
qwen/qwen-vl-plus,OpenRouter,Qwen,7500,0.21,0.63,text+image->text,2025-03-20
aion-labs/aion-1.0,OpenRouter,AionLabs,131072,4.0,8.0,text->text,2025-03-19
aion-labs/aion-1.0-mini,OpenRouter,AionLabs,131072,0.7,1.4,text->text,2025-03-19
aion-labs/aion-rp-llama-3.1-8b,OpenRouter,AionLabs,32768,0.2,0.2,text->text,2025-03-19
qwen/qwen-vl-max,OpenRouter,Qwen,7500,0.8,3.2,text+image->text,2025-03-17
qwen/qwen-turbo,OpenRouter,Qwen,1000000,0.05,0.2,text->text,2025-03-17
qwen/qwen2.5-vl-72b-instruct:free,OpenRouter,Qwen,32768,0.0,0.0,text+image->text,2025-03-17
qwen/qwen2.5-vl-72b-instruct,OpenRouter,Qwen,32000,0.25,0.75,text+image->text,2025-03-17
qwen/qwen-plus,OpenRouter,Qwen,131072,0.4,1.2,text->text,2025-03-17
qwen/qwen-max,OpenRouter,Qwen,32768,1.6,6.4,text->text,2025-03-17
openai/o3-mini,OpenRouter,OpenAI,200000,1.1,4.4,text->text,2025-03-16
deepseek/deepseek-r1-distill-qwen-1.5b,OpenRouter,DeepSeek,131072,0.18,0.18,text->text,2025-03-16
mistralai/mistral-small-24b-instruct-2501:free,OpenRouter,Mistral,32768,0.0,0.0,text->text,2025-03-15
mistralai/mistral-small-24b-instruct-2501,OpenRouter,Mistral,32768,0.03,0.03,text->text,2025-03-15
deepseek/deepseek-r1-distill-qwen-32b,OpenRouter,DeepSeek,131072,0.075,0.15,text->text,2025-03-15
deepseek/deepseek-r1-distill-qwen-14b:free,OpenRouter,DeepSeek,64000,0.0,0.0,text->text,2025-03-15
deepseek/deepseek-r1-distill-qwen-14b,OpenRouter,DeepSeek,64000,0.15,0.15,text->text,2025-03-15
perplexity/sonar-reasoning,OpenRouter,Perplexity,127000,1.0,5.0,text->text,2025-03-14
perplexity/sonar,OpenRouter,Perplexity,127072,1.0,1.0,text+image->text,2025-03-13
liquid/lfm-7b,OpenRouter,Liquid,32768,0.01,0.01,text->text,2025-03-09
liquid/lfm-3b,OpenRouter,Liquid,32768,0.02,0.02,text->text,2025-03-09
deepseek/deepseek-r1-distill-llama-70b:free,OpenRouter,DeepSeek,8192,0.0,0.0,text->text,2025-03-07
deepseek/deepseek-r1-distill-llama-70b,OpenRouter,DeepSeek,131072,0.05,0.05,text->text,2025-03-07
deepseek/deepseek-r1:free,OpenRouter,DeepSeek,163840,null,null,text->text,2025-03-04
deepseek/deepseek-r1,OpenRouter,DeepSeek,163840,0.4,2.0,text->text,2025-03-04
minimax/minimax-01,OpenRouter,MiniMax,1000192,0.2,1.1,text+image->text,2025-03-01
mistralai/codestral-2501,OpenRouter,Mistral,262144,0.3,0.9,text->text,2025-02-29
microsoft/phi-4,OpenRouter,Microsoft,16384,0.06,0.14,text->text,2025-02-25
deepseek/deepseek-chat,OpenRouter,DeepSeek,163840,0.272,0.272,text->text,2024-12-23
sao10k/l3.3-euryale-70b,OpenRouter,Sao10K,131072,0.65,0.75,text->text,2024-12-16
openai/o1,OpenRouter,OpenAI,200000,15.0,60.0,text+image->text,2024-12-15
x-ai/grok-2-vision-1212,OpenRouter,xAI,32768,2.0,10.0,text+image->text,2024-12-12
x-ai/grok-2-1212,OpenRouter,xAI,131072,2.0,10.0,text->text,2024-12-12
cohere/command-r7b-12-2024,OpenRouter,Cohere,128000,0.0375,0.15,text->text,2024-12-11
google/gemini-2.0-flash-exp:free,OpenRouter,Google,1048576,null,null,text+image->text,2024-12-10
meta-llama/llama-3.3-70b-instruct:free,OpenRouter,Meta,65536,0.0,0.0,text->text,2024-12-05
meta-llama/llama-3.3-70b-instruct,OpenRouter,Meta,131072,0.038,0.12,text->text,2024-12-05
amazon/nova-lite-v1,OpenRouter,Amazon,300000,0.06,0.24,text+image->text,2024-12-05
amazon/nova-micro-v1,OpenRouter,Amazon,128000,0.035,0.14,text->text,2024-12-05
amazon/nova-pro-v1,OpenRouter,Amazon,300000,0.8,3.2,text+image->text,2024-12-05
qwen/qwq-32b-preview,OpenRouter,Qwen,32768,0.2,0.2,text->text,2024-11-28
openai/gpt-4o-2024-11-20,OpenRouter,OpenAI,128000,2.5,10.0,text+image->text,2024-11-20
mistralai/mistral-large-2411,OpenRouter,Mistral Large 2411,131072,2.0,6.0,text->text,2024-11-19
mistralai/mistral-large-2407,OpenRouter,Mistral Large 2407,131072,2.0,6.0,text->text,2024-11-19
mistralai/pixtral-large-2411,OpenRouter,Mistral,131072,2.0,6.0,text+image->text,2024-11-19
x-ai/grok-vision-beta,OpenRouter,xAI,8192,5.0,15.0,text+image->text,2024-11-19
infermatic/mn-inferor-12b,OpenRouter,Infermatic,16384,0.8,1.2,text->text,2024-11-14
qwen/qwen-2.5-coder-32b-instruct:free,OpenRouter,Qwen2.5 Coder 32B Instruct,32768,0.0,0.0,text->text,2024-11-13
qwen/qwen-2.5-coder-32b-instruct,OpenRouter,Qwen2.5 Coder 32B Instruct,32768,0.06,0.15,text->text,2024-11-13
raifle/sorcererlm-8x22b,OpenRouter,SorcererLM 8x22B,16000,4.5,4.5,text->text,2024-11-10
thedrummer/unslopnemo-12b,OpenRouter,TheDrummer,32768,0.4,0.4,text->text,2024-11-10
anthropic/claude-3.5-haiku:beta,OpenRouter,Anthropic,200000,0.8,4.0,text+image->text,2024-11-01
anthropic/claude-3.5-haiku,OpenRouter,Anthropic,200000,0.8,4.0,text+image->text,2024-11-01
anthropic/claude-3.5-haiku-20241022,OpenRouter,Anthropic,200000,0.8,4.0,text+image->text,2024-11-01
anthracite-org/magnum-v4-72b,OpenRouter,Magnum v4 72B,16384,2.5,3.0,text->text,2024-10-22
anthropic/claude-3.5-sonnet:beta,OpenRouter,Anthropic,200000,3.0,15.0,text+image->text,2024-10-22
anthropic/claude-3.5-sonnet,OpenRouter,Anthropic,200000,3.0,15.0,text+image->text,2024-10-22
mistralai/ministral-8b,OpenRouter,Mistral,128000,0.1,0.1,text->text,2024-10-17
mistralai/ministral-3b,OpenRouter,Mistral,131072,0.04,0.04,text->text,2024-10-17
qwen/qwen-2.5-7b-instruct,OpenRouter,Qwen2.5 7B Instruct,32768,0.04,0.1,text->text,2024-10-16
nvidia/llama-3.1-nemotron-70b-instruct,OpenRouter,NVIDIA,131072,0.12,0.3,text->text,2024-10-15
inflection/inflection-3-productivity,OpenRouter,Inflection,8000,2.5,10.0,text->text,2024-10-11
inflection/inflection-3-pi,OpenRouter,Inflection,8000,2.5,10.0,text->text,2024-10-11
google/gemini-flash-1.5-8b,OpenRouter,Google,1000000,0.0375,0.15,text+image->text,2024-10-04
thedrummer/rocinante-12b,OpenRouter,TheDrummer,32768,0.2,0.5,text->text,2024-10-01
anthracite-org/magnum-v2-72b,OpenRouter,Magnum v2 72B,32768,3.0,3.0,text->text,2024-10-01
liquid/lfm-40b,OpenRouter,Liquid,65536,0.15,0.15,text->text,2024-10-01
meta-llama/llama-3.2-3b-instruct:free,OpenRouter,Meta,131072,0.0,0.0,text->text,2024-09-26
meta-llama/llama-3.2-3b-instruct,OpenRouter,Meta,20000,0.003,0.006,text->text,2024-09-26
meta-llama/llama-3.2-1b-instruct,OpenRouter,Meta,131072,0.005,0.01,text->text,2024-09-26
meta-llama/llama-3.2-90b-vision-instruct,OpenRouter,Meta,131072,1.2,1.2,text+image->text,2024-09-26
meta-llama/llama-3.2-11b-vision-instruct:free,OpenRouter,Meta,131072,0.0,0.0,text+image->text,2024-09-26
meta-llama/llama-3.2-11b-vision-instruct,OpenRouter,Meta,131072,0.049,0.049,text+image->text,2024-09-26
qwen/qwen-2.5-72b-instruct:free,OpenRouter,Qwen2.5 72B Instruct,32768,0.0,0.0,text->text,2024-09-20
qwen/qwen-2.5-72b-instruct,OpenRouter,Qwen2.5 72B Instruct,32768,0.101,0.101,text->text,2024-09-20
neversleep/llama-3.1-lumimaid-8b,OpenRouter,NeverSleep,32768,0.18,1.0,text->text,2024-09-17
openai/o1-mini,OpenRouter,OpenAI,128000,1.1,4.4,text->text,2024-09-12
openai/o1-mini-2024-09-12,OpenRouter,OpenAI,128000,1.1,4.4,text->text,2024-09-12
mistralai/pixtral-12b,OpenRouter,Mistral,32768,0.1,0.1,text+image->text,2024-09-10
cohere/command-r-plus-08-2024,OpenRouter,Cohere,128000,2.5,10.0,text->text,2024-08-27
cohere/command-r-08-2024,OpenRouter,Cohere,128000,0.15,0.6,text->text,2024-08-27
qwen/qwen-2.5-vl-7b-instruct,OpenRouter,Qwen,32768,0.2,0.2,text+image->text,2024-08-25
sao10k/l3.1-euryale-70b,OpenRouter,Sao10K,32768,0.65,0.75,text->text,2024-08-25
microsoft/phi-3.5-mini-128k-instruct,OpenRouter,Microsoft,128000,0.1,0.1,text->text,2024-08-18
nousresearch/hermes-3-llama-3.1-70b,OpenRouter,Nous,131072,0.1,0.28,text->text,2024-08-15
nousresearch/hermes-3-llama-3.1-405b,OpenRouter,Nous,131072,0.7,0.8,text->text,2024-08-14
openai/chatgpt-4o-latest,OpenRouter,OpenAI,128000,5.0,15.0,text+image->text,2024-08-12
sao10k/l3-lunaris-8b,OpenRouter,Sao10K,8192,0.02,0.05,text->text,2024-08-11
openai/gpt-4o-2024-08-06,OpenRouter,OpenAI,128000,2.5,10.0,text+image->text,2024-08-06
meta-llama/llama-3.1-405b,OpenRouter,Meta,32768,2.0,2.0,text->text,2024-07-31
nothingiisreal/mn-celeste-12b,OpenRouter,Mistral Nemo 12B Celeste,16384,0.8,1.2,text->text,2024-07-31
meta-llama/llama-3.1-8b-instruct,OpenRouter,Meta,131072,0.015,0.02,text->text,2024-07-24
meta-llama/llama-3.1-405b-instruct:free,OpenRouter,Meta,65536,0.0,0.0,text->text,2024-07-24
meta-llama/llama-3.1-405b-instruct,OpenRouter,Meta,32768,0.8,0.8,text->text,2024-07-24
meta-llama/llama-3.1-70b-instruct,OpenRouter,Meta,131072,0.1,0.28,text->text,2024-07-24
mistralai/mistral-nemo:free,OpenRouter,Mistral,131072,0.0,0.0,text->text,2024-07-19
mistralai/mistral-nemo,OpenRouter,Mistral,32000,0.0075,0.05,text->text,2024-07-19
openai/gpt-4o-mini,OpenRouter,OpenAI,128000,0.15,0.6,text+image->text,2024-07-18
openai/gpt-4o-mini-2024-07-18,OpenRouter,OpenAI,128000,0.15,0.6,text+image->text,2024-07-18
google/gemma-2-27b-it,OpenRouter,Google,8192,0.65,0.65,text->text,2024-07-12
google/gemma-2-9b-it:free,OpenRouter,Google,8192,0.0,0.0,text->text,2024-06-28
google/gemma-2-9b-it,OpenRouter,Google,8192,0.004,0.004,text->text,2024-06-28
anthropic/claude-3.5-sonnet-20240620:beta,OpenRouter,Anthropic,200000,3.0,15.0,text+image->text,2024-06-20
anthropic/claude-3.5-sonnet-20240620,OpenRouter,Anthropic,200000,3.0,15.0,text+image->text,2024-06-20
sao10k/l3-euryale-70b,OpenRouter,Sao10k,8192,1.48,1.48,text->text,2024-06-18
cognitivecomputations/dolphin-mixtral-8x22b,OpenRouter,Dolphin 2.9.2 Mixtral 8x22B ðŸ¬,16000,0.9,0.9,text->text,2024-06-08
qwen/qwen-2-72b-instruct,OpenRouter,Qwen 2 72B Instruct,32768,0.9,0.9,text->text,2024-06-07
mistralai/mistral-7b-instruct:free,OpenRouter,Mistral,32768,null,null,text->text,2024-05-26
mistralai/mistral-7b-instruct,OpenRouter,Mistral,32768,0.028,0.054,text->text,2024-05-26
nousresearch/hermes-2-pro-llama-3-8b,OpenRouter,NousResearch,131072,0.025,0.04,text->text,2024-05-26
mistralai/mistral-7b-instruct-v0.3,OpenRouter,Mistral,32768,0.028,0.054,text->text,2024-05-26
microsoft/phi-3-mini-128k-instruct,OpenRouter,Microsoft,128000,0.1,0.1,text->text,2024-05-25
microsoft/phi-3-medium-128k-instruct,OpenRouter,Microsoft,128000,1.0,1.0,text->text,2024-05-23
neversleep/llama-3-lumimaid-70b,OpenRouter,NeverSleep,8192,4.0,6.0,text->text,2024-05-17
google/gemini-flash-1.5,OpenRouter,Google,1000000,0.075,0.3,text+image->text,2024-05-15
openai/gpt-4o,OpenRouter,OpenAI,128000,2.5,10.0,text+image->text,2024-05-14
openai/gpt-4o:extended,OpenRouter,OpenAI,128000,6.0,18.0,text+image->text,2024-05-14
meta-llama/llama-guard-2-8b,OpenRouter,Meta,8192,0.2,0.2,text->text,2024-05-14
openai/gpt-4o-2024-05-13,OpenRouter,OpenAI,128000,5.0,15.0,text+image->text,2024-05-14
sao10k/fimbulvetr-11b-v2,OpenRouter,Fimbulvetr 11B v2,4096,0.8,1.2,text->text,2024-04-18
meta-llama/llama-3-8b-instruct,OpenRouter,Meta,8192,0.03,0.06,text->text,2024-04-18
meta-llama/llama-3-70b-instruct,OpenRouter,Meta,8192,0.3,0.4,text->text,2024-04-18
mistralai/mixtral-8x22b-instruct,OpenRouter,Mistral,65536,0.9,0.9,text->text,2024-04-17
microsoft/wizardlm-2-8x22b,OpenRouter,WizardLM-2 8x22B,65536,0.48,0.48,text->text,2024-04-16
google/gemini-pro-1.5,OpenRouter,Google,2000000,1.25,5.0,text+image->text,2024-04-09
openai/gpt-4-turbo,OpenRouter,OpenAI,128000,10.0,30.0,text+image->text,2024-04-09
cohere/command-r-plus,OpenRouter,Cohere,128000,3.0,15.0,text->text,2024-04-05
cohere/command-r-plus-04-2024,OpenRouter,Cohere,128000,3.0,15.0,text->text,2024-04-03
sophosympatheia/midnight-rose-70b,OpenRouter,Midnight Rose 70B,4096,0.8,0.8,text->text,2024-03-22
cohere/command,OpenRouter,Cohere,4096,1.0,2.0,text->text,2024-03-15
cohere/command-r,OpenRouter,Cohere,128000,0.5,1.5,text->text,2024-03-15
anthropic/claude-3-haiku:beta,OpenRouter,Anthropic,200000,0.25,1.25,text+image->text,2024-03-14
anthropic/claude-3-haiku,OpenRouter,Anthropic,200000,0.25,1.25,text+image->text,2024-03-14
anthropic/claude-3-opus:beta,OpenRouter,Anthropic,200000,15.0,75.0,text+image->text,2024-03-05
anthropic/claude-3-opus,OpenRouter,Anthropic,200000,15.0,75.0,text+image->text,2024-03-05
anthropic/claude-3-sonnet,OpenRouter,Anthropic,200000,3.0,15.0,text->text,2024-03-05
cohere/command-r-03-2024,OpenRouter,Cohere,128000,0.5,1.5,text->text,2024-03-01
mistralai/mistral-large,OpenRouter,Mistral Large,128000,2.0,6.0,text->text,2024-02-26
openai/gpt-3.5-turbo-0613,OpenRouter,OpenAI,4095,1.0,2.0,text->text,2024-01-25
openai/gpt-4-turbo-preview,OpenRouter,OpenAI,128000,10.0,30.0,text->text,2024-01-25
nousresearch/nous-hermes-2-mixtral-8x7b-dpo,OpenRouter,Nous,32768,0.6,0.6,text->text,2024-01-18
mistralai/mistral-small,OpenRouter,Mistral Small,32768,0.2,0.6,text->text,2024-01-10
mistralai/mistral-tiny,OpenRouter,Mistral Tiny,32768,0.25,0.25,text->text,2024-01-10
mistralai/mistral-7b-instruct-v0.2,OpenRouter,Mistral,32768,0.2,0.2,text->text,2023-12-28
mistralai/mixtral-8x7b-instruct,OpenRouter,Mistral,32768,0.08,0.24,text->text,2023-12-12
neversleep/noromaid-20b,OpenRouter,Noromaid 20B,4096,1.0,1.75,text->text,2023-11-21
undi95/toppy-m-7b,OpenRouter,Toppy M 7B,4096,0.8,1.2,text->text,2023-11-12
alpindale/goliath-120b,OpenRouter,Goliath 120B,6144,9.0,11.0,text->text,2023-11-12
openrouter/auto,OpenRouter,Auto Router,2000000,null,null,text->text,2023-11-09
openai/gpt-4-1106-preview,OpenRouter,OpenAI,128000,10.0,30.0,text->text,2023-11-07
openai/gpt-3.5-turbo-instruct,OpenRouter,OpenAI,4095,1.5,2.0,text->text,2023-09-29
mistralai/mistral-7b-instruct-v0.1,OpenRouter,Mistral,2824,0.11,0.19,text->text,2023-09-29
pygmalionai/mythalion-13b,OpenRouter,Pygmalion,4096,0.8,1.2,text->text,2023-09-02
openai/gpt-3.5-turbo-16k,OpenRouter,OpenAI,16385,3.0,4.0,text->text,2023-08-29
mancer/weaver,OpenRouter,Mancer,8000,1.5,1.5,text->text,2023-08-01
undi95/remm-slerp-l2-13b,OpenRouter,ReMM SLERP 13B,6144,0.7,1.0,text->text,2023-07-22
gryphe/mythomax-l2-13b,OpenRouter,MythoMax 13B,4096,0.06,0.06,text->text,2023-07-02
openai/gpt-3.5-turbo,OpenRouter,OpenAI,16385,0.5,1.5,text->text,2023-05-29
openai/gpt-4,OpenRouter,OpenAI,8191,30.0,60.0,text->text,2023-05-29
openai/gpt-4-0314,OpenRouter,OpenAI,8191,30.0,60.0,text->text,2023-05-29
cartesia/sonic,Together AI,Together,null,null,null,audio,null
mistralai/Mistral-7B-Instruct-v0.3,Together AI,mistralai,32768,0.2,0.2,chat,2024-05-23
cartesia/sonic-2,Together AI,Together,null,null,null,audio,null
togethercomputer/MoA-1,Together AI,Together AI,32768,null,null,chat,2024-12-09
meta-llama/Meta-Llama-Guard-3-8B,Together AI,Meta,8192,0.2,0.2,moderation,2024-04-18
togethercomputer/m2-bert-80M-32k-retrieval,Together AI,Together,32768,0.008,0.008,embedding,2023-11-06
meta-llama/Llama-3.2-3B-Instruct-Turbo,Together AI,Meta,131072,0.06,0.06,chat,2024-09-26
deepseek-ai/DeepSeek-R1,Together AI,DeepSeek,163840,3.0,7.0,chat,2025-01-14
Qwen/Qwen3-235B-A22B-Instruct-2507-tput,Together AI,Qwen,262144,0.2,0.6,chat,2025-08-21
Qwen/Qwen3-235B-A22B-Thinking-2507,Together AI,Qwen,262144,0.65,3.0,chat,2025-08-23
meta-llama/Meta-Llama-3.1-405B-Instruct-Turbo,Together AI,Meta,130815,3.5,3.5,chat,2024-07-23
Qwen/Qwen2.5-7B-Instruct-Turbo,Together AI,Qwen,32768,0.3,0.3,chat,2024-10-12
Qwen/Qwen2.5-72B-Instruct-Turbo,Together AI,Qwen,131072,1.2,1.2,chat,2024-10-11
meta-llama/Meta-Llama-3.1-8B-Instruct-Turbo,Together AI,Meta,131072,0.18,0.18,chat,2025-04-28
meta-llama/Llama-3.3-70B-Instruct-Turbo-Free,Together AI,Meta,131072,null,null,chat,2024-12-10
meta-llama/Llama-3.3-70B-Instruct-Turbo,Together AI,Meta,131072,0.88,0.88,chat,2024-12-05
black-forest-labs/FLUX.1-pro,Together AI,Black Forest Labs,null,null,null,image,null
black-forest-labs/FLUX.1.1-pro,Together AI,Black Forest Labs,null,null,null,image,null
meta-llama/Meta-Llama-3.1-70B-Instruct-Turbo,Together AI,Meta,131072,0.88,0.88,chat,2024-07-22
openai/whisper-large-v3,Together AI,OpenAI,null,0.27,0.85,transcribe,2025-07-20
meta-llama/Llama-3-8b-chat-hf,Together AI,Meta,8192,0.2,0.2,chat,2024-04-18
black-forest-labs/FLUX.1-krea-dev,Together AI,Black Forest Labs,null,null,null,image,2025-08-28
togethercomputer/MoA-1-Turbo,Together AI,Together AI,32768,null,null,chat,null
black-forest-labs/FLUX.1-redux,Together AI,Black Forest Labs,null,null,null,image,2024-11-21
black-forest-labs/FLUX.1-dev-lora,Together AI,Black Forest Labs,null,null,null,image,2025-01-09
meta-llama/Llama-3.2-11B-Vision-Instruct-Turbo,Together AI,Meta,131072,0.18,0.18,chat,2024-09-26
deepcogito/cogito-v2-preview-deepseek-671b,Together AI,Deepcogito,163840,3.0,7.0,chat,2025-08-29
meta-llama/Meta-Llama-3-70B-Instruct-Turbo,Together AI,Meta,8192,0.88,0.88,chat,null
Qwen/Qwen2.5-VL-72B-Instruct,Together AI,Qwen,32768,1.95,8.0,chat,2025-05-10
black-forest-labs/FLUX.1-schnell,Together AI,Black Forest Labs,null,null,null,image,null
lgai/exaone-3-5-32b-instruct,Together AI,LG AI,32768,null,null,chat,2025-05-17
meta-llama/Llama-3-70b-chat-hf,Together AI,Meta,8192,0.88,0.88,chat,2024-04-18
mistralai/Mixtral-8x7B-Instruct-v0.1,Together AI,mistralai,32768,0.6,0.6,chat,2023-12-14
black-forest-labs/FLUX.1-depth,Together AI,Black Forest Labs,null,null,null,image,2024-11-21
black-forest-labs/FLUX.1-kontext-dev,Together AI,Black Forest Labs,null,null,null,image,2025-08-04
google/gemma-2-27b-it,Together AI,Google,8192,0.8,0.8,chat,2024-02-21
black-forest-labs/FLUX.1-dev,Together AI,Black Forest Labs,null,null,null,image,2024-11-21
Qwen/Qwen2-72B-Instruct,Together AI,Qwen,32768,0.9,0.9,chat,2025-05-25
meta-llama/Llama-2-70b-hf,Together AI,Meta,4096,0.9,0.9,language,2023-07-18
black-forest-labs/FLUX.1-canny,Together AI,Black Forest Labs,null,null,null,image,2024-11-21
Salesforce/Llama-Rank-V1,Together AI,salesforce,8192,0.1,0.1,rerank,2024-08-12
mistralai/Mistral-Small-24B-Instruct-2501,Together AI,mistralai,32768,0.8,0.8,chat,2025-02-01
Qwen/Qwen2-VL-72B-Instruct,Together AI,Qwen,32768,1.2,1.2,chat,2025-01-04
deepseek-ai/DeepSeek-R1-Distill-Qwen-1.5B,Together AI,DeepSeek,131072,0.18,0.18,chat,2025-02-01
meta-llama/Llama-Vision-Free,Together AI,Meta,131072,null,null,chat,2024-09-26
perplexity-ai/r1-1776,Together AI,Perplexity AI,163840,3.0,7.0,chat,2025-06-25
scb10x/scb10x-llama3-1-typhoon2-70b-instruct,Together AI,SCB10X,8192,0.88,0.88,chat,2025-05-13
meta-llama/Llama-Guard-3-11B-Vision-Turbo,Together AI,Meta,131072,0.18,0.18,moderation,2024-09-26
arcee-ai/maestro-reasoning,Together AI,Arcee AI,131072,0.9,3.3,chat,2025-05-18
togethercomputer/Refuel-Llm-V2-Small,Together AI,Refuel AI,8192,0.2,0.2,chat,2025-07-07
Qwen/Qwen2.5-Coder-32B-Instruct,Together AI,Qwen,16384,0.8,0.8,chat,2024-11-15
arcee-ai/coder-large,Together AI,Arcee AI,32768,0.5,0.8,chat,2025-06-19
Qwen/QwQ-32B,Together AI,Qwen,131072,1.2,1.2,chat,2025-04-28
arcee_ai/arcee-spotlight,Together AI,Arcee AI,131072,0.18,0.18,chat,2025-05-18
deepseek-ai/DeepSeek-R1-0528-tput,Together AI,DeepSeek,163840,0.55,2.19,chat,2025-07-27
marin-community/marin-8b-instruct,Together AI,Marin Community,4096,0.18,0.18,chat,2025-07-11
lgai/exaone-deep-32b,Together AI,LG AI,32768,null,null,chat,2025-07-21
google/gemma-3-27b-it,Together AI,Google,65536,null,null,chat,2025-05-15
deepseek-ai/DeepSeek-R1-Distill-Llama-70B,Together AI,DeepSeek,131072,2.0,2.0,chat,2025-01-31
NousResearch/Nous-Hermes-2-Mixtral-8x7B-DPO,Together AI,Nousresearch,32768,0.6,0.6,chat,2024-01-17
mistralai/Mistral-7B-Instruct-v0.1,Together AI,mistralai,32768,0.2,0.2,chat,2023-09-29
meta-llama/Llama-4-Maverick-17B-128E-Instruct-FP8,Together AI,Meta,1048576,0.27,0.85,chat,2025-05-27
deepseek-ai/DeepSeek-R1-Distill-Qwen-14B,Together AI,DeepSeek,131072,1.6,1.6,chat,2025-02-01
deepseek-ai/DeepSeek-R1-Distill-Llama-70B-free,Together AI,DeepSeek,8192,null,null,chat,2025-02-01
scb10x/scb10x-typhoon-2-1-gemma3-12b,Together AI,Typhoon 2.1 12B,131072,0.2,0.2,chat,2025-07-25
meta-llama/Llama-Guard-4-12B,Together AI,Meta,1048576,0.2,0.2,moderation,2025-06-24
togethercomputer/Refuel-Llm-V2,Together AI,Refuel AI,16384,0.6,0.6,chat,2025-07-08
meta-llama/Meta-Llama-3-8B-Instruct-Lite,Together AI,Meta,8192,0.1,0.1,chat,null
intfloat/multilingual-e5-large-instruct,Together AI,Intfloat,514,0.02,0.02,embedding,2025-06-19
meta-llama/Llama-4-Scout-17B-16E-Instruct,Together AI,Meta,1048576,0.18,0.59,chat,2025-05-27
black-forest-labs/FLUX.1-kontext-max,Together AI,Black Forest Labs,null,null,null,image,null
Alibaba-NLP/gte-modernbert-base,Together AI,Alibaba Nlp,8192,0.08,0.08,embedding,2025-07-08
mixedbread-ai/Mxbai-Rerank-Large-V2,Together AI,Mixedbread AI,32768,0.1,0.1,rerank,2025-07-15
nvidia/Llama-3.1-Nemotron-70B-Instruct-HF,Together AI,nvidia,32768,0.88,0.88,chat,2024-11-10
deepseek-ai/DeepSeek-V3,Together AI,DeepSeek,131072,1.25,1.25,chat,2024-12-25
black-forest-labs/FLUX.1-schnell-Free,Together AI,Black Forest Labs,null,null,null,image,null
Qwen/Qwen3-Coder-480B-A35B-Instruct-FP8,Together AI,Qwen,262144,2.0,2.0,chat,2025-08-21
black-forest-labs/FLUX.1-kontext-pro,Together AI,Black Forest Labs,null,null,null,image,null
Virtue-AI/VirtueGuard-Text-Lite,Together AI,Virtue AI,32768,0.2,0.2,moderation,2025-08-21
meta-llama/Llama-3.2-90B-Vision-Instruct-Turbo,Together AI,Meta,131072,1.2,1.2,chat,2024-09-26
arcee-ai/virtuoso-large,Together AI,Arcee AI,131072,0.75,1.2,chat,2025-06-19
google/gemma-3n-E4B-it,Together AI,Google,32768,0.02,0.04,chat,2025-08-04
Qwen/Qwen3-235B-A22B-fp8-tput,Together AI,Qwen,40960,0.2,0.6,chat,2025-07-14
arcee-ai/AFM-4.5B,Together AI,Arcee AI,65536,null,null,chat,2025-08-26
moonshotai/Kimi-K2-Instruct,Together AI,Moonshotai,131072,1.0,3.0,chat,2025-08-19
mistralai/Mistral-7B-Instruct-v0.2,Together AI,mistralai,32768,0.2,0.2,chat,2023-12-13
meta-llama/LlamaGuard-2-8b,Together AI,Meta,8192,0.2,0.2,moderation,2024-04-18
zai-org/GLM-4.5-Air-FP8,Together AI,Zai Org,131072,0.2,1.1,chat,2025-08-27